{
  "quote_number": "1200",
  "quote_title": "로스트아크 풀옵션, 작업 병행용 컴퓨터(5700X, RX 6700XT)",
  "date_create": "2023.10.10",
  "cpu_gpu_combinations": "라이젠7 5700X + RX 6700 XT 조합",
  "quotation_summary": " 1. 라데온 그래픽카드에 거부감이 없는 분2. 가성비를 극대화 하시려는 분3. 게임과 작업을 병행하시는 분# 영상편집# 게임# 롤# 배그# 가성비# 로아",
  "quote_person_introduction": "안녕하세요. 견적왕에서 견적맨으로 활동하고 있는 coke-bear 입니다.퀘이사존에서 주로 활동하며 그 외 커뮤니티에서도 간간히 활동하고 있습니다.하드웨어에 관심이 많아 제품을 직접 사용해보기도 하고 주변 지인들 PC 견적부터 조립도 해주다보니PC 구매를 어려워하거나 용도에 맞지 않게 구매하여 불필요한 지출을 하는 경우를 보게 되었습니다.그런 분들께 조금이라도 도움이 되고자 PC 구매자분들께 합리적인 구매를 할 수 있게 견적맨으로 활동하게 되었습니다.",
  "quote_feedback": "게임을 하면서 영상 편집 또한 취미 수준으로 한다거나 다른 다중 작업을 하는 경우라면 8코어 cpu 이상을 사용해주어야 하는데 이 때 가장 가성비로 구성할 수 있는 cpu라 5700x 입니다.좀 더 전문적이라면 더 좋은 cpu를 구성하여 멀티작업 성능을 늘릴 수 있지만 한정된 예산으로 구성해야하고 이제 배우는 단계라면 8코어 제품 중 가성비가 가장 뛰어난 5700x 구성을 추천드립니다.RX 6700 XT의 가격이 내려온 관계로 매우 가성비가 좋아져서 현재로서는 성능 대비해서 가격이 가성비가 좋아 구성하였습니다.",
  "computer_estimate_data": "[CPU]AMD 라이젠7-4세대 5700X (버미어) (멀티팩(정품))상세보기[메인보드]ASUS PRIME B550M-A 대원CTS상세보기[메모리]마이크론 Crucial DDR4-3200 CL22 (16GB) x 2 개상세보기[그래픽카드]PowerColor 라데온 RX 6700 XT Fighter D6 12GB상세보기[SSD]마이크론 Crucial P5 Plus M.2 NVMe 대원CTS (1TB)상세보기[케이스]DARKFLASH DK260 Air MESH RGB 강화유리 블랙 (미들타워)상세보기[파워서플라이]맥스엘리트 MAXELITE MAXWELL BARON 800W 80PLUS BRONZE 플랫상세보기[CPU쿨러]DARKFLASH Ellsworth S21 ARGB (블랙)상세보기[조립PC관련][견적왕] 조립 서비스 + 1년 출장 A/S상세보기",
  "quote_description": "CPU는 라이젠 5000번대 8코어 제품으로 8코어 cpu 이상을 요구하는 작업용 pc에서 저렴하게 구성 가능한 cpu입니다.메인보드는 am4 소켓을 지원하는 b550 칩셋 중 5600x나 5700x를 사용하기에 준수한 성능을 가진 메인보드 입니다.메모리는 삼성 메모리와 동일한 3200 클럭에 라이프워런티를 가지고 있어 AS 부분에서는 더 상위 호환의 제품입니다.그래픽카드는 6700 XT 중 가장 저렴한 가격대의 파워컬러 제품입니다.SSD는 pcie4.0 제품이며 가격대는 pcie3.0 의 p31 보다 저렴한 제품입니다.케이스는 다크 플래쉬의 DK 260 AIR 미들타워 제품입니다. 가격 대비 강판 두께나 기본팬 성능이 출중한 편입니다.파워서플라이는 국내 파워 회사 중 as 부분에서 상위 퀄리티를 가진 맥스엘리트의 800w 파워 입니다.CPU쿨러는 다크플래쉬의 s21 쿨러입니다.\n기본 무뽑방지가 적용되어 있고 더 높은 가격대의 팔라딘이나 rc400 이랑 쿨링 성능이 동일하고 소음 부분에서는 더 정숙하여 가성비가 좋습니다.",
  "parts_price": {
    "CPU": {
      "제품명": "AMD 라이젠7-4세대 5700X",
      "가격": "234,890원",
      "수량": "1"
    },
    "메인보드": {
      "제품명": "ASUS PRIME B550M-A 대원CTS",
      "가격": "113,890원",
      "수량": "1"
    },
    "메모리": {
      "제품명": "마이크론 Crucial DDR4-3200 CL22  16GB",
      "가격": "41,250원",
      "수량": "2"
    },
    "그래픽카드": {
      "제품명": "PowerColor 라데온 RX 6700 XT Fighter D6 12GB",
      "가격": "414,690원",
      "수량": "1"
    },
    "SSD": {
      "제품명": "마이크론 Crucial P5 Plus M.2 NVMe 대원CTS 1TB",
      "가격": "127,000원",
      "수량": "1"
    },
    "케이스": {
      "제품명": "DARKFLASH DK260 Air MESH RGB 강화유리 블랙",
      "가격": "50,500원",
      "수량": "1"
    },
    "파워서플라이": {
      "제품명": "맥스엘리트 MAXELITE MAXWELL BARON 800W 80PLUS BRONZE 플랫",
      "가격": "83,990원",
      "수량": "1"
    },
    "CPU쿨러": {
      "제품명": "DARKFLASH Ellsworth S21 ARGB",
      "가격": "27,120원",
      "수량": "1"
    }
  },
  "total_price": "1134580원",
  "CPU": "AMD 라이젠7-4세대 5700X (버미어) (멀티팩(정품))",
  "Motherboard": "ASUS PRIME B550M-A 대원CTS",
  "Graphic_Card": "PowerColor 라데온 RX 6700 XT Fighter D6 12GB",
  "SSD": "마이크론 Crucial P5 Plus M.2 NVMe 대원CTS (1TB)",
  "Memory": "마이크론 Crucial DDR4-3200 CL22 (16GB) x 2 개",
  "Power_Supply": "맥스엘리트 MAXELITE MAXWELL BARON 800W 80PLUS BRONZE 플랫",
  "CPU_Cooler": "DARKFLASH Ellsworth S21 ARGB (블랙)",
  "games": "로스트아크",
  "purpose": "게임"
}
