{
  "quote_number": "1201",
  "quote_title": "fhd 해상도 가성비 게이밍 pc (5600, rx6600)",
  "date_create": "2023.12.26",
  "cpu_gpu_combinations": "라이젠5 5600 + RX 6600 조합",
  "quotation_summary": " 1. 라데온 그래픽카드의 거부감이 없는 분2. 3060을 구성하기엔 부담스러운 예산인 분# fhd. 롤# 스타# 오버워치# 오버워치2# 크아# 메이플# 서든어택",
  "quote_person_introduction": "안녕하세요. 견적왕에서 견적맨으로 활동하고 있는 coke-bear 입니다.퀘이사존에서 주로 활동하며 그 외 커뮤니티에서도 간간히 활동하고 있습니다.하드웨어에 관심이 많아 제품을 직접 사용해보기도 하고 주변 지인들 PC 견적부터 조립도 해주다보니PC 구매를 어려워하거나 용도에 맞지 않게 구매하여 불필요한 지출을 하는 경우를 보게 되었습니다.그런 분들께 조금이라도 도움이 되고자 PC 구매자분들께 합리적인 구매를 할 수 있게 견적맨으로 활동하게 되었습니다.",
  "quote_feedback": "게이밍 pc 구성 중 3060을 가기엔 예산이 조금 애매한 경우가 있습니다.1650이나 1660 super, 1660 ti로 구성하기엔 아쉬울 때 선택할 수 있는 그래픽카드인 rx6600 으로 구성한 저가형 게이밍 pc 입니다.라데온 그래픽카드가 초기 대비 현재 가격대가 많이 내려온 상황으로 지금의 가격대라면 엔비디아 그래픽카드 구성이 부담스러운 애매한 가격대일때 대체 가능하여 구성한 저가형 게이밍 pc 입니다.",
  "computer_estimate_data": "[CPU]AMD 라이젠5-4세대 5600 (버미어) (멀티팩(정품))상세보기[메인보드]ASUS PRIME B550M-A 대원CTS상세보기[메모리]마이크론 Crucial DDR4 8G PC4-25600 CL22 x 2 개상세보기[그래픽카드]ASUS DUAL 라데온 RX 6600 D6 8GB 대원CTS상세보기[SSD]SK하이닉스 GOLD P31 M2 NVMe (500GB)상세보기[케이스]DARKFLASH DK200 RGB 강화유리 블랙 (미들타워)상세보기[파워서플라이]SF-500R12ST MEGA 80PLUS STANDARD 230V EU상세보기[CPU쿨러]DARKFLASH Ellsworth S21 ARGB (블랙)상세보기[조립PC관련][견적왕] 조립 서비스 + 1년 출장 A/S상세보기",
  "quote_description": "CPU는 12400F 와 비교되는 제품군으로 12400F 대비 구성 가격대가 10만원 가량 저렴하고 저렴하게 구성 가능한 6코어 제품입니다.메인보드는 am4 소켓을 지원하는 b550 칩셋 중 5600x나 5700x를 사용하기에 준수한 성능을 가진 메인보드 입니다.메모리는 삼성 3200 메모리와 동일한 성능에 라이프 워런티를 가지고 있어 1년 보증의 삼성 메모리 대비 무한대의 기간동안 보증받을 수 있고 가격 또한 소폭 저렴합니다.그래픽카드는 엔비디아의 1660 super 와 3060 사이 정도의 성능을 가진 그래픽카드 입니다. 현재 가격대가 저렴하여 3060 구성이 어렵다면 대체하여 구성하기 좋은 제품입니다.SSD는 PCIE3.0 SSD 중 성능과 안정성이 검증된 제품으로 현재까지도 주류로 쓰이고 있는 신뢰도 높은 제품입니다.케이스는 3만원대 가격에 준수한 강판두께와 호환성을 가지고 있으며 전면 메쉬형태의 제품으로 내부 발열 해소에도 준수한 제품입니다.파워서플라이는 국내 파워 회사 통틀어 AS 정책이 가장 좋은 슈퍼플라워의 제품입니다. 국내 유일무이하게 고주파까지도 새제품 교환해주는 파격적인 정책을 가지고 있어 제품을 신뢰할 수 있습니다.CPU쿨러는 다크플래쉬의 s21 쿨러입니다.\n기본 무뽑방지가 적용되어 있고 더 높은 가격대의 팔라딘이나 rc400 이랑 쿨링 성능이 동일하고 소음 부분에서는 더 정숙하여 가성비가 좋습니다.",
  "parts_price": {
    "CPU": {
      "제품명": "AMD 라이젠5-4세대 5600",
      "가격": "143,660원",
      "수량": "1"
    },
    "메인보드": {
      "제품명": "ASUS PRIME B550M-A 대원CTS",
      "가격": "113,890원",
      "수량": "1"
    },
    "메모리": {
      "제품명": "마이크론 Crucial DDR4 8G PC4-25600 CL22",
      "가격": "21,480원",
      "수량": "2"
    },
    "그래픽카드": {
      "제품명": "ASUS DUAL 라데온 RX 6600 D6 8GB 대원CTS",
      "가격": "276,500원",
      "수량": "1"
    },
    "SSD": {
      "제품명": "SK하이닉스 GOLD P31 M2 NVMe 500GB",
      "가격": "79,000원",
      "수량": "1"
    },
    "케이스": {
      "제품명": "DARKFLASH DK200 RGB 강화유리 블랙",
      "가격": "36,280원",
      "수량": "1"
    },
    "파워서플라이": {
      "제품명": "SF-500R12ST MEGA 80PLUS STANDARD 230V EU",
      "가격": "46,971원",
      "수량": "1"
    },
    "CPU쿨러": {
      "제품명": "DARKFLASH Ellsworth S21 ARGB",
      "가격": "27,120원",
      "수량": "1"
    }
  },
  "total_price": "766381원",
  "CPU": "AMD 라이젠5-4세대 5600 (버미어) (멀티팩(정품))",
  "Motherboard": "ASUS PRIME B550M-A 대원CTS",
  "Graphic_Card": "ASUS DUAL 라데온 RX 6600 D6 8GB 대원CTS",
  "SSD": "SK하이닉스 GOLD P31 M2 NVMe (500GB)",
  "Memory": "마이크론 Crucial DDR4 8G PC4-25600 CL22 x 2 개",
  "Power_Supply": "SF-500R12ST MEGA 80PLUS STANDARD 230V EU",
  "CPU_Cooler": "DARKFLASH Ellsworth S21 ARGB (블랙)",
  "games": "롤, 스타, 오버워치, 오버워치2, 크아, 메이플, 서든어택",
  "purpose": "게이밍"
}
