{
  "quote_number": "1203",
  "quote_title": "극 가성비 게이밍 pc ( 5600, rx 6500 xt)",
  "date_create": "2023.8.7",
  "cpu_gpu_combinations": "라이젠5 5600 + RX 6500 XT 조합",
  "quotation_summary": " 1. 라데온 그래픽카드에 거부감이 없는 분2. 예산의 한계로 gtx 그래픽카드를 가기 애매하신 분3. 내장그래픽은 아쉽지만 그래픽카드를 꼭 추가하고 싶은 분# 캐쥬얼# 2d# fhd# 롤# 스타# 크아# 메이플",
  "quote_person_introduction": "안녕하세요. 견적왕에서 견적맨으로 활동하고 있는 coke-bear 입니다.퀘이사존에서 주로 활동하며 그 외 커뮤니티에서도 간간히 활동하고 있습니다.하드웨어에 관심이 많아 제품을 직접 사용해보기도 하고 주변 지인들 PC 견적부터 조립도 해주다보니PC 구매를 어려워하거나 용도에 맞지 않게 구매하여 불필요한 지출을 하는 경우를 보게 되었습니다.그런 분들께 조금이라도 도움이 되고자 PC 구매자분들께 합리적인 구매를 할 수 있게 견적맨으로 활동하게 되었습니다.",
  "quote_feedback": "그래픽카드를 꼭 추가하고 싶은데 예산이 충분하지 않다면 고려해밍 pc 입볼 수 있는 6500 xt 그래픽카드로 구성한 게이니다.라데온 그래픽카드의 가격대가 많이 내려온 상태이다보니 rtx 3060 구성이 어려운 가격대로 pc를 구성하시거나 혹은 1650, 1660 super나 ti 제품으로 가기엔 성능이 아쉽다고 느끼신다면 선택해 볼 수 있는 라데온 rx 6500 xt 그래픽카드로 구성한 pc 입니다.그래픽카드의 성능의 한계치가 있다보니 고사양의 게임은 옵션 타협을 해도 어려울 수 있으며 가벼운 캐쥬얼 게임이나 롤, 메이플, 스타1 정도의 가벼운 게임을 즐기시는 분들에게 추천드립니다.",
  "computer_estimate_data": "[CPU]AMD 라이젠5-4세대 5600 (버미어) (멀티팩(정품))상세보기[메인보드]ASUS PRIME B550M-A 대원CTS상세보기[메모리]마이크론 Crucial DDR4 8G PC4-25600 CL22 x 2 개상세보기[그래픽카드]ASRock Phantom Gaming D 라데온 RX 6500 XT OC D6 4GB 에즈윈상세보기[SSD]SK하이닉스 GOLD P31 M2 NVMe (500GB)상세보기[케이스]DAVEN D4 MESH BLACK (미들타워)상세보기[파워서플라이]SF-500R12ST MEGA 80PLUS STANDARD 230V EU상세보기[CPU쿨러]DARKFLASH Ellsworth S21 ARGB (블랙)상세보기[조립PC관련][견적왕] 조립 서비스 + 1년 출장 A/S상세보기",
  "quote_description": "CPU는 12400F 와 비교되는 제품군으로 12400F 대비 구성 가격대가 10만원 가량 저렴하고 저렴하게 구성 가능한 6코어 제품입니다.메인보드는 am4 소켓을 지원하는 b550 칩셋 중 5600x나 5700x를 사용하기에 준수한 성능을 가진 메인보드 입니다.메모리는 삼성 3200 메모리와 동일한 성능에 라이프 워런티를 가지고 있어 1년 보증의 삼성 메모리 대비 무한대의 기간동안 보증받을 수 있고 가격 또한 소폭 저렴합니다.그래픽카드는 as 최상위의 에즈윈 제품으로 제품의 성능도 좋고 as 부분에서도 좋다보니 걱정없이 사용하실 수 있는 제품입니다.SSD는 PCIE3.0 SSD 중 성능과 안정성이 검증된 제품으로 현재까지도 주류로 쓰이고 있는 신뢰도 높은 제품입니다.케이스는 저가형 미들타워 케이스인 데이븐의 D4 MESH 제품입니다. 전면 메쉬형태의 제품으로 내부 발열 해소에 유리하고 강판두께 또한 준수합니다.파워서플라이는 국내 파워 회사 통틀어 AS 정책이 가장 좋은 슈퍼플라워의 제품입니다. 국내 유일무이하게 고주파까지도 새제품 교환해주는 파격적인 정책을 가지고 있어 제품을 신뢰할 수 있습니다.CPU쿨러는 다크플래쉬의 s21 쿨러입니다.\n기본 무뽑방지가 적용되어 있고 더 높은 가격대의 팔라딘이나 rc400 이랑 쿨링 성능이 동일하고 소음 부분에서는 더 정숙하여 가성비가 좋습니다.",
  "parts_price": {
    "CPU": {
      "제품명": "AMD 라이젠5-4세대 5600",
      "가격": "143,660원",
      "수량": "1"
    },
    "메인보드": {
      "제품명": "ASUS PRIME B550M-A 대원CTS",
      "가격": "113,890원",
      "수량": "1"
    },
    "메모리": {
      "제품명": "마이크론 Crucial DDR4 8G PC4-25600 CL22",
      "가격": "21,480원",
      "수량": "2"
    },
    "그래픽카드": {
      "제품명": "ASRock Phantom Gaming D 라데온 RX 6500 XT OC D6 4GB 에즈윈",
      "가격": "229,950원",
      "수량": "1"
    },
    "SSD": {
      "제품명": "SK하이닉스 GOLD P31 M2 NVMe 500GB",
      "가격": "79,000원",
      "수량": "1"
    },
    "케이스": {
      "제품명": "DAVEN D4 MESH BLACK",
      "가격": "34,840원",
      "수량": "1"
    },
    "파워서플라이": {
      "제품명": "SF-500R12ST MEGA 80PLUS STANDARD 230V EU",
      "가격": "46,971원",
      "수량": "1"
    },
    "CPU쿨러": {
      "제품명": "DARKFLASH Ellsworth S21 ARGB",
      "가격": "27,120원",
      "수량": "1"
    }
  },
  "total_price": "718391원",
  "CPU": "AMD 라이젠5-4세대 5600 (버미어) (멀티팩(정품))",
  "Motherboard": "ASUS PRIME B550M-A 대원CTS",
  "Graphic_Card": "ASRock Phantom Gaming D 라데온 RX 6500 XT OC D6 4GB 에즈윈",
  "SSD": "SK하이닉스 GOLD P31 M2 NVMe (500GB)",
  "Memory": "마이크론 Crucial DDR4 8G PC4-25600 CL22 x 2 개",
  "Power_Supply": "SF-500R12ST MEGA 80PLUS STANDARD 230V EU",
  "CPU_Cooler": "DARKFLASH Ellsworth S21 ARGB (블랙)",
  "games": "롤, 스타, 크아, 메이플",
  "purpose": "캐쥬얼, 2d, fhd"
}
