{
  "quote_number": "1206",
  "quote_title": "7600 + RX6800 라라랜드 게이밍 PC",
  "date_create": "2023.12.20",
  "cpu_gpu_combinations": "라이젠5 7600 + RX 6800 조합",
  "quotation_summary": " 7600 + RX6800 라라랜드 게이밍 PC 조합으로 QHD 해상도에서 가성비 좋게 게이밍 환경을 구성하시려는 분들을 위한 견적입니다.# QHD 해상도에서 가성비 좋게 게이밍 환경을 구성하시려는 분들을 위한 견적입니다.",
  "quote_person_introduction": "퀘이사존, 다나와, 쿨엔에서 활동 중인  잉여인간17호입니다.다양한 필테 경력과 컴덕질을 경험삼아 도움 드리고자 합니다.어떠한 스폰도 받지 않는 유저 입장에서 직접 사용해보고 테스트한 견적 위주로 견적드리겠습니다.",
  "quote_feedback": "7600 + RX6800 라라랜드 게이밍 PC 조합으로 QHD 해상도에서 가성비 좋게 게이밍 환경을 구성하시려는 분들을 위한 견적입니다.",
  "computer_estimate_data": "[CPU]AMD 라이젠5-5세대 7600 (라파엘) (멀티팩(정품))상세보기[메인보드]ASRock A620M-HDV/M.2+ 대원씨티에스상세보기[메모리]ESSENCORE KLEVV DDR5-5600 CL46 (16GB) x 2 개상세보기[그래픽카드]XFX 라데온 RX 6800 SWFT 319 CORE D6 16GB상세보기[SSD]장우컴퍼니 PM9A1 M.2 NVMe 병행수입 (1TB) 삼성전자상세보기[케이스]DAVEN D6 MESH 강화유리 블랙 (미들타워)상세보기[파워서플라이]마이크로닉스 COOLMAX FOCUS II 700W ETA BRONZE PCIE5상세보기[CPU쿨러]DEEPCOOL AG400상세보기[소프트웨어]Microsoft Windows 11 Home (처음사용자용 한글)상세보기[조립PC관련][견적왕] 조립 서비스 + 1년 출장 A/S상세보기",
  "quote_description": "CPU는 라이젠 NON X 버전으로 발열을 잡고 나와 2~3만원대 공랭쿨러로 커버 가능해 가성비가 좋아졌습니다. \n게임성능도 인텔 13세대 i5 13500보다 뛰어납니다.메인보드는 전원부 방열판이 잇는 가성비 좋은보드입니다.메모리는 하이닉스 A다이 메모리\n인식률 호환성 안정성 굳!그래픽카드는 RTX 4070 바로 아랫 등급!\nRTX 4060 Ti보다 월등히 좋지만 더 좋은 가성비 제품!케이스는 기본 쿨링팬 6개 탑재로 준수한 쿨링성능과 가성비를 자랑하는 케이스입니다.파워서플라이는 브론즈 효율에 PCIE5 규격으로 가격대도 저렴한 가성비 좋은 마이크로닉스 파워입니다.CPU쿨러는 팔라딘400급 성능에 가성비도 좋아 개인적으로도 애용하던 CPU 쿨러입니다.소프트웨어는 인텔 12세대 이후로는 고성능 코어와 효율 코어로 나뉘면서 윈도우 11을 권장합니다.\n인텔의 경우 일부 게임에선 윈11이 성능이 더 잘나옵니다.",
  "parts_price": {
    "CPU": {
      "제품명": "AMD 라이젠5-5세대 7600)",
      "가격": "239,940원",
      "수량": "1"
    },
    "메인보드": {
      "제품명": "ASRock A620M-HDV/M.2+ 대원씨티에스",
      "가격": "104,580원",
      "수량": "1"
    },
    "메모리": {
      "제품명": "ESSENCORE KLEVV DDR5-5600 CL46  16GB",
      "가격": "65,000원",
      "수량": "2"
    },
    "그래픽카드": {
      "제품명": "XFX 라데온 RX 6800 SWFT 319 CORE D6 16GB",
      "가격": "507,420원",
      "수량": "1"
    },
    "SSD": {
      "제품명": "장우컴퍼니 PM9A1 M.2 NVMe 병행수입 삼성전자 1TB",
      "가격": "111,790원",
      "수량": "1"
    },
    "케이스": {
      "제품명": "DAVEN D6 MESH 강화유리 블랙",
      "가격": "36,900원",
      "수량": "1"
    },
    "파워서플라이": {
      "제품명": "마이크로닉스 COOLMAX FOCUS II 700W ETA BRONZE PCIE5",
      "가격": "65,940원",
      "수량": "1"
    },
    "CPU쿨러": {
      "제품명": "DEEPCOOL AG400",
      "가격": "21,740원",
      "수량": "1"
    },
    "소프트웨어": {
      "제품명": "Microsoft Windows 11 Home",
      "가격": "173,730원",
      "수량": "1"
    }
  },
  "total_price": "1392040원",
  "CPU": "AMD 라이젠5-5세대 7600 (라파엘) (멀티팩(정품))",
  "Motherboard": "ASRock A620M-HDV/M.2+ 대원씨티에스",
  "Graphic_Card": "XFX 라데온 RX 6800 SWFT 319 CORE D6 16GB",
  "SSD": "장우컴퍼니 PM9A1 M.2 NVMe 병행수입 (1TB) 삼성전자",
  "Memory": "ESSENCORE KLEVV DDR5-5600 CL46 (16GB) x 2 개",
  "Power_Supply": "마이크로닉스 COOLMAX FOCUS II 700W ETA BRONZE PCIE5",
  "CPU_Cooler": "DEEPCOOL AG400",
  "games": "리니지2M, 배틀그라운드, 오버워치, 메이플스토리, 사이버펑크2077, 레드데드리뎀션2, 월드오브워크래프트, 포트나이트, 레인보우식스시즈, 디아블로2레저렉션, 스타크래프트2, 스타크래프트 리마스터",
  "purpose": "게이밍"
}
