{
  "quote_number": "1207",
  "quote_title": "100만원 이하 가성비 게이밍 PC(윈도우포함)",
  "date_create": "2024.1.12",
  "cpu_gpu_combinations": "라이젠5 5600 + RX 6600 조합",
  "quotation_summary": " 5600과 6600을 조합한 100만원 예산으로 FHD 게임환경을 구성하시려는 분들을 위한 추천 견적입니다.# 100만원 예산으로 FHD 게임환경을 구성하시려는 분들을 위한 추천 견적입니다.",
  "quote_person_introduction": "퀘이사존, 다나와, 쿨엔에서 활동 중인  잉여인간17호입니다.다양한 필테 경력과 컴덕질을 경험삼아 도움 드리고자 합니다.어떠한 스폰도 받지 않는 유저 입장에서 직접 사용해보고 테스트한 견적 위주로 견적드리겠습니다.",
  "quote_feedback": "5600과 6600을 조합한 100만원 예산으로 FHD 게임환경을 구성하시려는 분들을 위한 추천 견적입니다.",
  "computer_estimate_data": "[CPU]AMD 라이젠5-4세대 5600 (버미어) (멀티팩(정품))상세보기[메인보드]ASUS PRIME A520M-A II 대원CTS상세보기[메모리]삼성전자 DDR4-3200 (8GB) PC4-25600 x 2 개상세보기[그래픽카드]SAPPHIRE 라데온 RX 6600 PULSE D6 8GB Dual-X상세보기[SSD]SK하이닉스 GOLD P31 M2 NVMe (500GB)상세보기[파워서플라이]마이크로닉스 Classic II 풀체인지 600W 80PLUS BRONZE 230V EU상세보기[CPU쿨러]쿨러마스터 HYPER 420S ARGB상세보기[소프트웨어]Microsoft Windows 11 Home (처음사용자용 한글)상세보기[조립PC관련][견적왕] 조립 서비스 + 1년 출장 A/S상세보기",
  "quote_description": "CPU는 여전히 가성비 게이밍 CPU로 명성이 자자한 CPU입니다.메인보드는 DP와 HDMI 포트를 모두 지원해 듀얼 모니터 사용도 문제 없고 모니터 호환성도 좋은 가성비 보드입니다.메모리는 삼성 메모리는 말이 필요 없죠 ^^SSD는 이천 특산물로 불리며 낮은 발열과 뛰어난 성능으로 게임용이나 사무용도로도 훌륭한 제품입니다. \n안정성이 이미 검증된 제품이죠파워서플라이는 스테디셀러 파워인 마닉 풀체인지가 브론즈 등급에 AS기간도 7년으로 늘었고, 제로팬으로 정숙성도 뛰어나고 애프터쿨링으로 내구성을 높여 메리트도 높고 가격대도 좋습니다.CPU쿨러는 2만원 이하에 준수한 성능과 ARGB를 지원하는 가성비 좋은 쿨러입니다.소프트웨어는 인텔 12세대 이후로는 고성능 코어와 효율 코어로 나뉘면서 윈도우 11을 권장합니다.\n인텔의 경우 일부 게임에선 윈11이 성능이 더 잘나옵니다.",
  "parts_price": {
    "CPU": {
      "제품명": "AMD 라이젠5-4세대 5600",
      "가격": "143,660원",
      "수량": "1"
    },
    "메인보드": {
      "제품명": "ASUS PRIME A520M-A II 대원CTS",
      "가격": "71,450원",
      "수량": "1"
    },
    "메모리": {
      "제품명": "삼성전자 DDR4-3200 PC4-25600  8GB",
      "가격": "20,770원",
      "수량": "2"
    },
    "그래픽카드": {
      "제품명": "SAPPHIRE 라데온 RX 6600 PULSE D6 8GB Dual-X",
      "가격": "444,900원",
      "수량": "1"
    },
    "SSD": {
      "제품명": "SK하이닉스 GOLD P31 M2 NVMe 500GB",
      "가격": "79,000원",
      "수량": "1"
    },
    "파워서플라이": {
      "제품명": "마이크로닉스 Classic II 풀체인지 600W 80PLUS BRONZE 230V EU",
      "가격": "58,000원",
      "수량": "1"
    },
    "CPU쿨러": {
      "제품명": "쿨러마스터 HYPER 420S ARGB",
      "가격": "17,750원",
      "수량": "1"
    },
    "소프트웨어": {
      "제품명": "Microsoft Windows 11 Home",
      "가격": "173,730원",
      "수량": "1"
    }
  },
  "total_price": "1030030원",
  "CPU": "AMD 라이젠5-4세대 5600 (버미어) (멀티팩(정품))",
  "Motherboard": "ASUS PRIME A520M-A II 대원CTS",
  "Graphic_Card": "SAPPHIRE 라데온 RX 6600 PULSE D6 8GB Dual-X",
  "SSD": "SK하이닉스 GOLD P31 M2 NVMe (500GB)",
  "Memory": "삼성전자 DDR4-3200 (8GB) PC4-25600 x 2 개",
  "Power_Supply": "마이크로닉스 Classic II 풀체인지 600W 80PLUS BRONZE 230V EU",
  "CPU_Cooler": "쿨러마스터 HYPER 420S ARGB",
  "games": "리그오브레전드, 배틀그라운드, 오버워치, 서든어택, 포트나이트, 레인보우식스 시즈, 디아블로2 레저렉션, 스타크래프트2, 월드오브워크래프트, 레드데드리뎀션2, 사이버펑크2077, 레지던트이블8, 더위치3, 데스스트랜딩, 라스트오브어스2, 헬로네이버",
  "purpose": "게임용, 사무용, 영상편집용"
}
